id,tmp
5CWHA,False
3ILSA,False
4UQXA,False
1KU3A,False
2PN6A,False
5G2UA,False
5UUIA,False
5II8A,False
3NRWA,False
2OMLA,False
2XFRA,False
3ETVA,False
3VORA,False
6RWRA,False
3BJOA,False
5IWZA,False
3Q1CA,False
3FANA,False
6BT1A,False
4WQKA,False
5BMNA,False
2B1YA,False
3S44A,False
5GZAA,False
4HR3A,False
3VGLA,False
1P4TA,False
1TP6A,False
4KV7A,False
2UYOA,False
4LYAA,False
3D30A,False
2FVVA,False
4XYWA,False
6QVHA,False
6I18A,False
6GHTA,False
3K8UA,False
3U2GA,False
2ILKA,False
1GKMA,False
5VJWA,False
3O8MA,False
3M4RA,False
1GCYA,False
5JNMA,False
3FD3A,False
4NWBA,False
4MBOA,False
4QTCA,False
5HQHA,False
6BO0A,False
2J66A,False
5TF2A,False
2RA1A,False
2WI8A,False
3BT4A,False
5HLJA,False
1UCDA,False
4CHEA,False
1S2OA,False
4LXHA,False
6A15A,False
5ZBFA,False
4XTLA,True
5FO5A,False
5ED7A,False
1I24A,False
4QSGA,False
5ZBYA,False
4OXXA,False
5KVBA,False
4F0WA,False
2AXOA,False
5MULA,False
3CA7A,False
2WJRA,False
3B7HA,False
5TF3A,False
5LOSA,False
3DXYA,False
2P6WA,False
6HTLA,False
2Q4MA,False
5B5XA,False
1TQGA,False
3TG7A,False
3RWXA,False
4YARA,False
2PFZA,False
4WBDA,False
6FF1A,False
3LHCA,False
1SR8A,False
3CANA,False
4DB5A,False
5TNVA,False
4U9VB,False
4IFAA,False
6O1BA,False
3CS1A,False
2B0VA,False
4JOXA,False
1II5A,False
2AMHA,False
1X8QA,False
4MI7A,False
5CZGA,False
2OVJA,False
4REKA,False
3O3YA,False
3QECA,False
3HZ6A,False
4NTDA,False
4GT8A,False
2EFKA,False
5HCNA,False
5DJHA,False
6H57A,False
6FNWA,False
1EOKA,False
1R4XA,False
3L8WA,False
1PSWA,False
4PHRA,False
5EJOA,False
4ZBLA,False
5B3PA,False
3R87A,False
6JDPA,False
1YLEA,False
3D40A,False
4M51A,False
4H3TA,False
5JDAA,False
4O5AA,False
3I45A,False
3HNRA,False
2NMLA,False
3L4EA,False
3JS8A,False
3S9JA,False
4N5XA,False
1WWIA,False
5CJZA,False
6B3VA,False
1JM1A,False
2X9KA,False
6DCEA,False
5H7EA,False
5I0FB,False
3E99A,False
5I0CA,False
1V70A,False
5IHWA,False
2HY7A,False
3I9YA,False
4HZOA,False
5ITQA,False
4IC9A,False
6AO7A,False
3PIDA,False
5G38A,False
4XQ7A,False
4P7XA,False
1IQZA,False
3FNDA,False
6QFQA,False
3UH8A,False
5FAAA,False
6GI4B,False
5Z3EA,False
3U2RA,False
4NFAA,False
5B5LA,False
1G5AA,False
3QOOA,False
1R6JA,False
1WVHA,False
1LU4A,False
2NRJA,False
6HPOA,False
2E5AA,False
1R5MA,False
6H1HA,False
4FCGA,False
3AHCA,False
1SUMB,False
3NPDA,False
5BY5A,False
1W99A,False
4B4CA,False
3DXPA,False
2RHFA,False
6NIOA,False
3JU3A,False
2CW9A,False
3OIOA,False
4FTDA,False
4RL1A,False
1GS5A,False
5TT5A,False
5VXVA,False
2WAOA,False
6OR2A,True
2FE1A,False
4OV4A,False
1V2ZA,False
4DWEA,False
4XT6A,False
5JH8A,False
1VAJA,False
3K69A,False
4QY7A,False
5X4KA,False
3KSRA,False
1YG9A,False
4RLCA,False
3PSHA,False
6DETA,False
6FSNA,False
1XHDA,False
2VQ2A,False
3CKJA,False
6JMFA,False
3B7CA,False
1JUVA,False
4KK7A,False
4M0MA,False
4O4FA,False
2OB5A,False
3G7QA,False
6OBTA,False
3LWCA,False
3MQDA,False
3GY9A,False
5YZPA,False
3JUIA,False
2FGTA,False
6CC2A,False
3VUBA,False
2AU5A,False
2DP9A,False
3D06A,False
2AYDA,False
4ANNA,False
5YM0A,False
4EFIA,False
1VK6A,False
6QP0A,False
1SZ7A,False
4QVSA,False
1H30A,False
3F3BA,False
4WERA,False
5DKXA,False
4C5WA,False
2W3QA,False
4BK7A,False
5MX9A,False
5XMZA,False
5UVDA,False
5HDWA,False
4EV1A,False
6BARA,True
5A6MA,False
3H79A,False
1MK0A,False
6MJ7A,False
5HYAA,True
6DSIA,False
3TTCA,False
6S2LA,False
1GSAA,False
1G2RA,False
3MF7A,False
2HRZA,False
4I71A,False
4PZ0A,False
3LSNA,False
1IZCA,False
2CCVA,False
3TYTA,False
5XWCA,False
1WD3A,False
1GNYA,False
5N4AA,False
3RC3A,False
2YKZA,False
1NKGA,False
6OD2A,False
1Y63A,False
4WCKA,False
5A99A,False
1XD7A,False
6BUBA,False
3C5VA,False
5GT1A,False
6FJVA,False
2FQXA,False
6HQPA,False
2B69A,False
1E6UA,False
2XOVA,True
5IDVA,False
3QV0A,False
4QDCA,False
2WXYC,False
3BJAA,False
6A5BA,False
2PBEA,False
4MV4A,False
2FB6A,False
3LI9A,False
2H7OA,False
4WBYA,False
6GKEA,False
2YSKA,False
5LDVA,False
4XE7A,False
5CHHA,False
4RAAA,False
5EQ7A,False
1M1SA,False
5W0HA,False
3EFGA,False
2YZYA,False
3TG2A,False
1RMGA,False
4I0OA,False
4ZMIA,False
1MJ5A,False
5U2LA,False
6PI9A,False
3C70A,False
1WVFA,False
1WL8A,False
6CTZA,False
2FBIA,False
3OO8A,False
6GV8A,False
3ZUIA,False
6IDPA,True
2XDHA,False
5Z1NA,False
3ONHA,False
3GJYA,False
3MDQA,False
4Y7UA,False
4PZ1A,False
4RJWA,False
1Y0KA,False
2P5KA,False
1W6KA,False
4MB7A,False
5Z42A,False
5AOZA,False
5KUXA,False
4BA0A,False
4K7RA,False
5UUJA,False
3O4PA,False
4HD1A,False
3CHMA,False
3NW4A,False
2BBRA,False
5A9TA,False
4NI6A,False
4A56A,False
3ZCOA,False
3ERBA,False
6GG1A,False
5L16A,False
3AMRA,False
2RKHA,False
4S28A,False
5BX1A,False
6EVUA,False
1NJRA,False
6MOSA,False
1HH8A,False
2BKFA,False
5XHBA,False
3SHQA,False
3U64A,False
3KFFA,False
5K2LA,False
2QXFA,False
4WD1A,False
3R1KA,False
3GG7A,False
6DNMA,False
2HC8A,False
1YWFA,False
4HSPA,False
5N4IA,False
6C4QA,False
3P2MA,False
2PW6A,False
4CZGA,False
3VVVA,False
3WKXA,False
1S29A,False
3AKSA,False
5ODJA,False
6NVPA,False
4RP9A,True
4JB3A,False
3SQZA,False
1XIPA,False
1H12A,False
5W5PA,False
6FOAA,False
2RIQA,False
4FQEA,False
3MCXA,False
2FSQA,False
5D6EA,False
4XDUA,False
3IUUA,False
4RELA,False
4PKMA,False
3SNKA,False
1XMXA,False
3OOUA,False
1P90A,False
1NKOA,False
4YDSA,False
3W1EA,False
4A29A,False
4MK6A,False
4OVYA,False
2O0MA,False
4YPCA,False
4ACOA,False
4DT4A,False
5NM4A,True
3I7AA,False
1N40A,False
3QFTA,False
6RRAA,False
2QSVA,False
1O8XA,False
1XG8A,False
4IL7A,False
4YQDA,False
6HMQA,False
3SK9A,False
1K3IA,False
5VOGA,False
4A0PA,False
3BQ3A,False
6AY8A,False
4HHJA,False
1PZ4A,False
4N2KA,False
2YB1A,False
4AC1X,False
2CVEA,False
4LGYA,False
4DPBX,False
2BSYA,False
2X9OA,False
1VSRA,False
5XTUA,False
6HYOA,False
3UIMA,False
3H1DA,False
4L8AA,False
1LO7A,False
4DCMA,False
16VPA,False
3GHJA,False
4C6AA,False
1I8AA,False
3OSEA,False
1KQ3A,False
3F7SA,False
3VY8X,False
1X6ZA,False
3E2OA,False
6JJ4A,False
1V33A,False
5EJYA,False
4G3NA,False
5D78A,False
2OZHA,False
4QRLA,False
2R9FA,False
3CRRA,False
1RT8A,False
2XWVA,False
6QLHA,False
4GWBA,False
2W5QA,False
2ETBA,False
5AOGA,False
5VFZA,False
4XOTA,False
4JQFA,False
2J8KA,False
2V7FA,False
5IS2A,False
4L2HA,False
2GZSA,False
5LW3A,False
3T9WA,False
2P65A,False
6MICA,False
3L9AX,False
3R3QA,False
5TGQA,False
1EDZA,False
1PEQA,False
6REKA,False
5TWBA,False
4R9FA,True
1QG8A,False
1RV9A,False
4LF0A,False
1LFWA,False
3TDGA,False
2IQCA,False
4W9WA,False
5OPGA,False
3BPTA,False
1VMBA,False
6N4LA,False
4KRRA,False
3H0NA,False
1JYEA,False
6RM0A,False
2Z6OA,False
2V03A,False
5EZQA,False
2FD4A,False
4KG0A,False
6GSZA,False
5A67A,False
4E9SA,False
4Y04A,False
4MYMA,False
6EOZA,False
5UWZA,False
6OSXA,False
6H4DA,False
4TQXA,False
4NPDA,False
4LUNU,False
4YWFA,False
6P3PA,False
5EDJA,False
1RCYA,False
5A8JA,False
5E75A,False
4DNDA,False
5HGZA,False
2X49A,False
3POWA,False
3AKEA,False
3OM0A,False
3L00A,False
2B9EA,False
3PHHA,False
5BXGA,False
4K7BA,False
2FG1A,False
5NOAA,False
1Y6XA,False
5HWEA,False
4EVFA,False
1WC2A,False
5FEBA,False
3ZT9A,False
4ARUA,False
3PL8A,False
1MSCA,False
2NS6A,False
4WPYA,False
3BKHA,False
2QU8A,False
1PEAA,False
1DZ3A,False
3II2A,False
5V7OA,False
1N67A,False
4I3MA,False
4KH8A,False
4AXVA,False
6A17A,False
3F43A,False
5XDTA,False
5BP9A,False
6QV5A,False
4Y2FA,False
6ITAA,False
4RXVA,False
2XU0A,False
1GMIA,False
3UN6A,False
1UTGA,False
2VXNA,False
3HV8A,False
1XKRA,False
2ATZA,False
3QC7A,False
2YK4A,False
3KOGA,False
4MGQA,False
5Y1AA,False
4GJZA,False
2X55A,False
4QDYA,False
6CBUA,False
2EBBA,False
1Y88A,False
3T7ZA,False
4XPLA,False
1RA0A,False
3PF2A,False
5SUIA,False
6AB9A,True
6CNWA,False
5MQIA,False
4DNYA,False
6I9KA,True
6BK0A,False
3WCQA,False
6RO8A,False
5YWZA,False
3U66A,False
4GZKA,False
2I9CA,False
3RX9A,False
4H4NA,False
3GGDA,False
1NH1A,False
1SZIA,False
3T92A,False
5A9CA,False
2Q82A,False
4F06A,False
3F6VA,False
2VC8A,False
3Q6BA,False
4RM7A,False
4R1JA,False
4Q38A,False
6HQOA,False
3LCCA,False
2B06A,False
3AL2A,False
2DHOA,False
3NYCA,False
4FSDA,False
4ZAVA,False
1O88A,False
1MGTA,False
3B33A,False
5TIFA,False
3BZ5A,False
2O4TA,False
4E4RA,False
5NPTA,False
3HSLX,False
3RIPA,False
3JYZA,False
6G8YA,False
1TKEA,False
3K50A,False
5FA8A,False
3NYYA,False
4S1PA,False
4OJXA,False
5FBSA,False
5H9NA,False
4EM2A,False
6BXRA,False
3B34A,False
2AP3A,False
3ENUA,False
3QSGA,False
1XKIA,False
2B1EA,False
2ZCXA,False
3RZNA,False
6QURA,False
5KF9A,False
6D8VA,False
3B0XA,False
3NUQA,False
4S36A,False
4HBSA,False
4WJIA,False
1GPPA,False
6EI3A,True
2P4HX,False
3K0YA,False
6QK4B,False
3VENA,False
3GOEA,False
4AIVA,False
1N93X,False
2I5VO,False
6HA4A,False
2V7KA,False
3Q6ZA,False
2PAGA,False
2ZB4A,False
3LJNA,False
5YKUA,False
3GZIA,False
1QUUA,False
5N0KA,False
5FWHA,False
5TKWA,False
1YU0A,False
1WLFA,False
4O7KA,False
1S9UA,False
3L60A,False
2QV3A,False
4DPZX,False
1U7LA,False
1AHOA,False
4JGLA,False
3L5IA,False
2YH5A,False
2FSXA,False
4BEUA,False
3KVHA,False
5MDTA,False
1L3PA,False
1U94A,False
1A1XA,False
1W0HA,False
4KRUA,False
4EO0A,False
5BOWA,False
5HUBA,False
3R0VA,False
1AH7A,False
6A6OA,False
4O06A,False
2Z4SA,False
6AHVA,False
2IP1A,False
5UNOA,False
2FD5A,False
1ZVAA,False
2G5GX,False
3DLCA,False
6DCMA,False
3OG2A,False
3HPCX,False
2Y9UA,False
5U3AA,False
4X5PA,False
4HL4A,True
4RYKA,False
4OSNA,False
2P3HA,False
4XPQA,False
1ZARA,False
4HHXA,False
4JBDA,False
2QGMA,False
3EO7A,False
1N3LA,False
2Q07A,False
3LICA,False
3H2GA,False
3QP4A,False
4CHDA,False
5XMGA,False
4HGUA,False
4MT2A,False
2NS0A,False
1HUWA,False
5T09A,False
6FULA,False
2J8AA,False
3HRLA,False
3U9WA,False
2XM5A,False
5Z6YA,False
3UWPA,False
6A2WA,False
6AJZA,False
4GWGA,False
5MU5A,False
3H20A,False
6DGGA,False
1RUTX,False
3X34A,False
1JR7A,False
6FNUA,False
6N36A,False
5A61A,False
4ZGIA,False
4EKFA,False
6CB2A,True
3GBWA,False
3GREA,False
5C9OA,False
3DF7A,False
2PNDA,False
4W8BA,False
5YJ9D,False
4FO9A,False
5EX8A,False
2PP6A,False
2Z08A,False
4O5JA,False
4REOA,False
3V7NA,False
1BU8A,False
1DBHA,False
6EY1A,False
2X5RA,False
2NXFA,False
3GK6A,False
6IYSO,False
3NWRA,False
2YHAA,False
4CVRA,False
1R6WA,False
4W7GA,False
2QSWA,False
3EJKA,False
2NRKA,False
3DQYA,False
1SENA,False
4DVCA,False
2CNQA,False
6QGIA,True
3KBGA,False
3ZPJA,False
4JRFA,False
3BFMA,False
5OL9A,False
6MJ1A,False
2HXTA,False
2ZK9X,False
5HWHA,False
3WH1A,False
3U3LC,False
1I1WA,False
3ODPA,False
3C9PA,False
3UGUA,False
6NJ0A,False
5UFTA,False
5Z1AA,False
1A5TA,False
2X8XX,False
4L5EA,False
2EW0A,False
3ORUA,False
2CXYA,False
2P51A,False
2AEUA,False
1XMKA,False
4ETNA,False
4XWHA,False
6EIOA,False
3KLKA,False
3OJ0A,False
5II6A,False
1XQOA,False
6IHGA,False
2RFVA,False
4U12A,False
6A02A,False
2YC3A,False
4LUAA,False
6EKRA,False
5ZX9A,True
3CYMA,False
1EI5A,False
4EUNA,False
3CCYA,False
5J4LA,False
2QR6A,False
3VWNX,False
6GO4A,False
5BOIA,False
4RWUA,False
1TUKA,False
1GP6A,False
2NLRA,False
2DXAA,False
6HNIA,False
5ZDMA,False
3NA7A,False
1TG0A,False
3KWKA,False
6NZSA,False
1QZMA,False
3CQ1A,False
1S3CA,False
2QMLA,False
4PAUA,False
1IXLA,False
2Q8KA,False
3LUUA,False
3IDWA,False
5X4TA,False
5GYQA,False
3K4ZA,False
2AXCA,False
4Y88A,False
4IGIA,False
6CCAA,False
3M9ZA,False
6OS6A,False
4GMUA,False
4E40A,False
2JAYA,False
4LVPA,False
2Y71A,True
3HC1A,False
1U3DA,False
2ID6A,False
5JRTA,False
4RAJA,False
5OPJA,False
3UAFA,False
4WE2A,False
5WM2A,False
1LS1A,False
1G3PA,False
4MZVA,False
2Q12A,False
4JN7A,False
4EHXA,False
4J7NA,False
4U7AA,False
4O9XA,False
4ZP0A,True
4Y6WA,False
4ANOA,False
3P2TA,False
2ETJA,False
5EPEA,False
3T33A,False
2OGGA,False
3WVTA,False
3CCGA,False
2G2CA,False
2PSBA,False
4ZOYA,False
4MAAA,False
3GMFA,False
3CNIA,False
6NIBA,False
3D79A,False
3FBQA,False
5QI0A,False
6ESKA,False
2YMVA,False
3CP3A,False
6EKBA,False
2XSTA,False
5XLSA,True
3BCYA,False
3OKQA,False
1WLUA,False
2IZRA,False
5O29A,False
1WNAA,False
2QX2A,False
5MRIA,False
1KOEA,False
3KA7A,False
2AXQA,False
5EVFA,False
2ZQMA,False
3FS3A,False
1RTTA,False
6H7DA,True
3QFLA,False
5MU9A,False
1VMGA,False
4QVUA,False
4JHTA,False
2OVGA,False
5KZSA,False
1V05A,False
4ME2A,False
3VX0A,False
1CR1A,False
6A9TA,False
5MPHA,False
6OT6A,False
4PEUA,False
4ALWA,False
2YKFA,False
2XUBA,False
5L7ZA,False
1AT0A,False
5C5CA,False
5IPXA,False
1J3AA,False
2G7GA,False
3VDJA,False
4XFMA,False
1JFBA,False
4IILA,False
2PV4A,False
5LJMA,False
4UM2A,False
2Q88A,False
4TZ1A,False
1T1UA,False
2B0AA,False
4R4XA,False
1XZZA,False
5JIXA,False
2WAGA,False
1CUKA,False
1R4VA,False
4LG8A,False
5DE3A,False
4IAUA,False
3FNRA,False
4C4AA,False
3VI6A,False
1Z7BA,False
6GPUA,False
6IBDA,False
1SFSA,False
6BM5A,False
3KV1A,False
4I0NA,False
6R80A,False
1VYKA,False
6BDCA,False
2UU8A,False
5MGWA,False
3AXBA,False
2FU2A,False
2WOYA,False
4NYQA,False
5CAGA,False
6MUQA,False
3I4GA,False
4D6VA,False
5I95A,False
6GKAA,False
3LO8A,False
6MGCA,False
1WERA,False
3A1FA,True
3EAFA,False
3L8DA,False
3GKJA,False
2QQYA,False
4JHYA,False
4MNOA,False
3D0JA,False
5LQ6A,False
5OH5A,False
2HHZA,False
1VK1A,False
2WFPA,False
2QYBA,False
2QVGA,False
6BSQA,False
1O59A,False
4XCPA,False
1TUWA,False
4OU0A,False
2Z84A,False
5VTLA,False
2I2CA,False
4K8WA,False
4UY3A,False
5WK0A,False
1N57A,False
3A02A,False
4EV8A,False
3LWJA,False
5U02A,False
3FVZA,False
4EA9A,False
2QKDA,False
3TYSA,False
2Y6UA,False
5E6XA,False
3NOHA,False
2QCPX,False
2RDQA,False
3K1TA,False
8ABPA,False
4G3OA,False
4YAPA,False
5DYRA,False
2IAYA,False
3EMIA,False
1SDIA,False
2CFQA,True
4YAAA,False
1J7XA,False
3HUTA,False
4H14A,False
4I90A,False
3F7WA,False
1N9PA,False
3B7FA,False
6BE0A,False
3N7XA,False
2X5XA,False
2P5ZX,False
2GGCA,False
4MNCA,False
2G40A,False
1SBXA,False
2OV0A,False
6IH0A,False
5ULBA,False
1IZMA,False
5E0YA,False
5LNNA,False
5OBYA,False
1P2XA,False
3TX8A,False
4ZJUA,False
5OC0A,True
2XEUA,False
4BFOA,False
4TKCA,False
2ESSA,False
4U98A,False
1SAUA,False
3KQ5A,False
6F86A,False
4PWOA,False
6FM5A,False
1KWFA,False
3O48A,False
5BYKA,False
5YHYA,False
3QOUA,False
2Q0YA,False
2PQ8A,False
6IF6A,False
5UE0A,False
5G4ZA,False
3T2LA,False
1WJXA,False
3H8ZA,False
5JRYA,False
2QRLA,False
6DS9A,False
3OHSX,False
6DLHA,False
2PGEA,False
5DKTA,False
1LZLA,False
6B8FA,False
2HLYA,False
4BJZA,False
6E4NA,False
6I65A,False
3U24A,False
1R6XA,False
3CP0A,False
4EXKA,False
3ELIA,False
1U2HA,False
2EI9A,False
5TSAA,True
3VZHA,False
5IWSA,True
5IXPA,False
6E6OA,False
6C10A,False
1K4IA,False
2QMQA,False
3K1HA,False
1IJ5A,False
6CKHA,False
2WOLA,False
3PG0A,False
1N4KA,False
1LC5A,False
2VCLA,False
2OIXA,False
2CWSA,False
2IJRA,False
5ZIMA,True
3LWUA,False
3MC3A,False
5N2EA,False
4ALZA,False
2F5UA,False
2CE2X,False
1RZ4A,False
2NN5A,False
3LWAA,False
1O1YA,False
3QVPA,False
1O5LA,False
3WJPA,False
4PKEA,False
4GMQA,False
1BYRA,False
5PHLA,False
5AL6A,False
6FTFB,False
5OTNA,False
2Q2FA,False
6GS0A,False
5YCKA,True
4HCSA,False
5UOUA,False
2A6ZA,False
2XIOA,False
1CFRA,False
6Q64A,False
3ZUZA,False
4D0PA,False
2I49A,False
4XYPA,False
5ZODA,False
1UKFA,False
3QDPA,False
3TPDA,False
6AO8A,False
2ZE3A,False
6MI0A,False
4ZHWA,False
3X2MA,False
2R0XA,False
1VBWA,False
3K9IA,False
2GUFA,False
5ZT3A,False
5GQWA,False
3DFGA,False
2ETSA,False
4KCFA,False
2YZTA,False
6HLKA,False
2P9WA,False
3E3XA,False
3IV4A,False
2PPVA,False
3IR4A,False
4B5OA,False
2NSFA,False
1NR0A,False
6N8RA,False
6CQGA,False
3ESMA,False
3F0CA,False
3ZVLA,False
6E0IA,False
5JNQA,True
2OSXA,False
1NIJA,False
4WH9A,False
5JICA,False
3ISXA,False
5GZSA,False
3A0SA,False
5KTCA,False
3MOIA,False
1CB8A,False
1V7WA,False
4CEKA,False
3E9VA,False
2QZQA,False
5J1NA,False
4OOBA,True
3HMSA,False
2HL7A,False
3SU6A,False
5BY4A,False
6NEYA,False
3HC7A,False
3VSNA,False
3T2CA,False
3RH2A,False
3HWUA,False
1KQ6A,False
3PIUA,False
4AZ6A,False
6AO9A,False
2RAEA,False
5D8MA,False
3D6JA,False
6H48A,False
3VJ9A,False
3BC9A,False
3WKGA,False
5WD9A,False
2HBOA,False
3HMPA,False
5IG6A,False
4ZGFA,False
6ONQA,True
3PGUA,False
2GJ4A,False
1MUWA,False
3FIAA,False
3LYGA,False
1EB6A,False
3HYNA,False
4WHIA,False
4MKXA,False
4G78A,False
2YFUA,False
4RK4A,False
6OHKA,False
3ACHA,False
4BPSA,False
6H3XA,False
5U4UA,False
1XAWA,False
5GVAA,False
3TXYA,False
3NZMA,False
4I6XA,False
4PGRA,True
6IYRA,False
3FAWA,False
4OUSA,True
5NPYA,False
3WLIA,False
2I53A,False
3DEEA,False
2Y6XA,False
1UURA,False
3EWYA,False
1I2TA,False
4GEYA,False
4M6TA,False
4PJ3A,False
2D4PA,False
5N2PA,False
4FK9A,False
6A2JA,True
5H11A,False
1C7KA,False
4DTHA,False
4ZOUA,False
4ZEYA,False
3LEQA,False
6NJWA,False
3I0PA,False
3BH0A,False
3K11A,False
1WN2A,False
4E74A,False
6A16A,False
2CY5A,False
3NO2A,False
1P9GA,False
1R8IA,False
6HZGA,False
2GWMA,False
5ZCYA,False
4OJDH,False
3ZGHA,False
2IIHA,False
5O0SA,False
2QIPA,False
3E8SA,False
2GZVA,False
5CADA,False
4F3NA,False
3V46A,False
3ZRIA,False
1DMGA,False
3U9GA,False
2JKUA,False
2QNTA,False
6DQXA,False
3B9WA,True
5BTBA,False
1UX5A,False
2ZE7A,False
3KE3A,False
2Q4WA,False
1VJXA,False
2QSKA,False
3BHOA,False
5A57A,False
3BDIA,False
1FG7A,False
5OUPA,False
3HRGA,False
1SF9A,False
2DDXA,False
6QE0A,False
3IU6A,False
3L7VA,False
2PETA,False
6SIBA,False
1LY1A,False
3UENA,False
4RYOA,True
1V72A,False
4QO5A,False
2EDMA,False
1OW1A,False
4EQ3A,False
3E21A,False
3SKQA,False
2FB0A,False
2BFWA,False
3DCMX,False
4A7KA,False
3E56A,False
2FW5A,False
5YDVA,False
3FFYA,False
1Z21A,False
2PORA,False
3KOSA,False
3NNFA,False
1Y0NA,False
4V12A,False
3S64A,False
4XXFA,False
4PBDA,False
4OQPA,False
3S6FA,False
4R78A,False
3HZPA,False
2CULA,False
2ABSA,False
3L0AA,False
6FJWA,False
2FY7A,False
6PBGA,False
4WJ1A,False
5GWNA,False
6JGJA,False
1GQEA,False
4FCAA,False
6AQKA,False
4MF5A,False
5YF6A,False
4FFLA,False
4MSXA,False
4GB5A,False
5I2TA,False
5Y9XA,False
5CYWB,False
6JL9A,False
3PCVA,True
1G12A,False
1Y8AA,False
1QDDA,False
4ES1A,False
3BQWA,False
1WM1A,False
4LHFA,False
6HXEA,False
6EYGA,False
1F97A,False
5MQNA,False
5MUJA,False
4MTUA,False
5UMVA,False
3RQ4A,False
2YLNA,False
1P1MA,False
2PC1A,False
4GZCA,False
2ENDA,False
2X5NA,False
4LGJA,False
6NU9A,False
4R7FA,False
4KIAA,False
3HRPA,False
4X2PA,False
2XGRA,False
4JG5A,False
2E1FA,False
1F5NA,True
5YQAA,False
4U0OB,False
5U47A,False
2A0BA,False
3KNVA,False
1NI5A,False
2D5MA,False
3LMZA,False
3HXRA,False
1QW2A,False
4DNHA,False
1R9LA,False
4GNRA,False
3CJYA,False
2HDOA,False
5XNWA,False
3QWMA,False
6MW4A,False
2JFRA,False
2QNLA,False
2VCHA,False
4R2FA,False
5E71A,False
3LLBA,False
4HBZA,False
4AL0A,True
5GHEA,False
4FZ4A,False
3ESSA,False
3M89A,False
5VNYA,False
1RL6A,False
4JKZA,False
2X0QA,False
3EBYA,False
5CEMA,False
3WJTA,False
4ATMA,False
2ZFYA,False
6MPTA,False
6BDEA,False
5TEEA,False
1JNIA,False
1C0PA,False
5UJCA,False
1E0CA,False
3SLRA,False
1PB1A,False
4UVQA,False
2OXOA,False
4OO3A,False
2C60A,False
4PWSA,False
3S2JA,False
4UHOA,False
3G5SA,False
4GS5A,False
5UROA,False
2HD9A,False
1IAPA,False
2R31A,False
3C26A,False
6FHOA,False
3B21A,False
6O08A,False
2ES9A,False
2X27X,False
4DKKA,False
2QUPA,False
6DQHA,False
5Y6GA,False
2X4LA,False
4G26A,False
2PN2A,False
6H7XA,False
3NEDA,False
6HQNA,False
6B3AA,False
6N1LA,False
5E3QA,False
2V84A,False
3ONJA,False
4O0AA,False
1VI4A,False
4IEJA,False
4O8SA,False
3SIGA,False
2ZFNA,False
1HLBA,False
2RKVA,False
5ZIBA,False
3K6YA,False
5M9BA,False
3DKRA,False
5YDEA,False
6NXIA,False
3LODA,False
5D9RA,False
1E5KA,False
5JXMA,False
5X3DA,False
1FCQA,False
2RJOA,False
4ZDJA,False
1WY6A,False
5XBJA,False
6GQDA,False
2J4OA,False
4PVKA,False
5U7FA,False
5J4OA,False
3OKPA,False
2R16A,False
3H74A,False
5UQJA,False
3OSTA,False
3V7IA,False
3U2AA,False
3BWZA,False
3ZL8A,False
5E9PA,False
6OWKA,False
3MNFA,False
3ID1A,False
3ATSA,False
3IEEA,False
1R7JA,False
6O54X,False
4LUKA,False
3W4TA,True
1SVSA,False
6E5YA,False
3WA1A,False
5ZHZA,False
1SAZA,False
2DPMA,False
5XVTA,True
1HN0A,False
4NNOA,False
6IQCA,False
4F2EA,False
3ELFA,False
6AR0A,False
3W07A,False
3VP7A,False
3Q2IA,False
5D2EA,False
5XYRA,False
4ONRA,False
1CIDA,False
5O2XA,False
1USEA,False
6CXBA,False
4WY9A,False
2RAUA,False
1M1QA,False
4YTKA,False
3GWIA,False
2W6KA,False
3OAOA,False
1Q8DA,False
3O2TA,False
1QCSA,False
4YJIA,False
1U9PA,False
5L4LA,False
1O4WA,False
3VIIA,False
3G3TA,False
4YMYA,False
2DBNA,False
5TPIA,False
2YVIA,False
1U2KA,False
4JIUA,False
4ACJA,False
3P4HA,False
2ZRRA,False
6H20A,False
5YBYA,False
1WWCA,False
1BX7A,False
2CCQA,False
2EH3A,False
3F7CA,False
3VWCA,False
5BPZA,False
4L3UA,False
5W2FA,False
1NTHA,False
3K0BA,False
3QNMA,False
5YWJA,False
3JTZA,False
3IXLA,False
4XO1A,False
5YJ6A,False
5XEFA,False
5COTA,False
1NFPA,False
1P5ZB,False
6A9SA,True
2FE5A,False
3T4RA,False
3DMLA,False
6HQKA,False
3GA4A,False
1Q8BA,False
2NSZA,False
1H16A,False
6EDVA,False
1GAKA,False
2QYTA,True
2RFRA,False
2PQXA,False
1S7ZA,False
2GTIA,False
6A6CA,False
6CB7A,True
6MABA,False
3G0MA,False
2RFFA,False
3NDQA,False
3TS9A,False
2XSKA,False
6A3KA,False
4YS0A,False
1W0NA,False
5T39A,False
4P09A,False
6OJJA,False
5H7KA,False
4KDDA,False
5EDFA,False
1OI7A,False
6PDMA,False
5Y2SA,False
2W15A,False
4Q98A,False
5DM2A,False
1WKCA,False
6AILA,False
2EHZA,False
4ZZFA,False
4JO0A,False
4UDSA,False
2G7SA,False
6OB7A,True
5H3KA,True
1MUNA,False
6DA0A,False
4B6WA,False
1BHEA,False
1K0IA,False
6GS6A,False
3NYTA,False
3FYMA,True
1GWEA,False
3MSTA,False
2JA4A,False
5YCQA,False
4KDRA,False
1XUBA,False
4YYCA,False
2YVTA,False
2GDMA,False
6EFWA,False
6CH1A,False
3NS4A,False
1Y93A,False
3CBNA,False
4N03A,False
1KWGA,False
3MVUA,False
3LE4A,False
2YBYA,False
2OLMA,False
1RL0A,False
3FGEA,False
4OVXA,False
2WM3A,False
3M1XA,False
2A2FX,False
5FSVA,False
4BFGA,False
1Z1SA,False
2OA2A,False
1H4AX,False
4NOBA,False
2VB1A,False
3B0GA,False
3WHJA,False
3NZTA,False
1O13A,False
1UKUA,False
6G7WA,False
4L6HA,False
2VYOA,False
3L4NA,False
2V75A,False
5UFYA,False
5E7HA,False
2QJLA,False
5Y7DA,False
3I2VA,False
3GIAA,True
2G1UA,False
2EX2A,False
5UMSA,False
3IO3A,False
6MRRA,False
5Z99A,False
2Q6KA,False
3FRHA,False
4AFKA,False
4ZQAA,False
1GPRA,False
5BUPA,False
3G21A,False
4AKFA,False
4P53A,False
1USGA,False
4M2MA,False
4D0QA,False
1ZK4A,False
1V77A,False
2JC9A,False
3A57A,False
1USMA,False
5EDLA,True
2PWWA,False
1U14A,False
3VMNA,False
4QDJA,False
4CRHA,False
5OHQA,False
4ICIA,False
5NLGA,False
5C8HA,False
3SBMA,False
4ZPCA,False
2RA9A,False
5EE0A,False
3KSPA,False
2H0UA,False
2ZZTA,False
3K63A,False
1QSTA,False
4HE7A,False
1RWZA,False
5HZDA,False
3FMYA,False
3SX6A,False
2O55A,False
5TABA,False
3KNYA,False
6FF0A,False
1VE4A,False
4PSUA,False
4XTBA,False
5VUGA,False
3VGIA,False
1E58A,False
5OPFA,False
6K1ZA,True
4EOGA,False
5OLTA,False
6B7LA,False
1AEPA,False
1O22A,False
4DD5A,False
2WZOA,False
2BDVA,False
3LY7A,False
4ZVFA,False
4R9IA,False
3C6AA,False
2WEFA,False
6H8GA,False
5I6RA,False
3CEBA,False
5HTXA,False
4F54A,False
2V05A,False
3DKMA,False
4CI9A,False
4NSXA,False
2WKDA,False
2GKGA,False
2JA9A,False
4HS1A,False
4X9MA,False
3OC8A,False
4JCMA,False
2W18A,False
4QEKA,False
2JEKA,False
2FCLA,False
5YH4A,False
2NRRA,False
4CS4A,False
1I5PA,False
3CL5A,False
1G8AA,False
5H5FA,False
3NPHB,False
2OLNA,False
3MDMA,False
6H2XA,False
4BFCA,False
1MIXA,False
3UMHA,False
3P9ZA,False
1O98A,False
1T9HA,False
2QUOA,False
5G51A,False
4PE3A,False
3UFIA,False
2V8IA,False
2V3GA,False
5J6YA,False
3N6TA,False
4TXDA,False
6N63A,False
1NNXA,False
3K9TA,False
4XU4A,True
2OEBA,False
6P28A,False
1MIJA,False
3RLGA,False
2HCFA,False
2OKTA,False
5T7ZA,False
6R3UA,False
5DLBA,False
5M10A,False
1TFEA,False
3FGHA,False
2IY9A,False
1T6AA,False
4CCSA,False
4AF1A,False
5FQLA,False
5AOTA,False
5OPBA,False
4F2LA,False
1AOLA,False
4XJ5A,False
4ESQA,False
4N49A,False
2V9VA,False
5CE7A,False
4F98A,False
3RRKA,False
2CIUA,False
4L9BA,False
2XSAA,False
6EQMA,False
2NVHA,False
3L4AA,False
6S2MA,False
3UI4A,False
3ES1A,False
5BVLA,False
3IFEA,False
4L9EA,False
3H4CA,False
5KXFA,False
2BOGX,False
5X14A,False
1H72C,False
1QQFA,False
4FYEA,False
1P0HA,False
2WSWA,True
5MFAA,False
1V0WA,False
2VXZA,False
3LDTA,False
4FLEA,False
4YGTA,False
1NJHA,False
3HVWA,False
5IMUA,False
3RL5A,False
6ENSA,False
5CFJA,False
6A1IA,False
3GONA,True
5H4SA,False
3FK8A,False
2JG0A,False
3ZFPA,False
3JSZA,False
4GEIA,False
4MJFA,False
6R3RA,False
1ZLDA,False
4E2UA,False
6A5CA,False
2FZPA,False
4JS1A,False
3KKFA,False
4WFWA,False
4X9XA,False
5TCBA,False
5GKVA,False
3E9KA,False
5YHHA,False
4BGPA,False
2HJEA,False
3QAOA,False
4TKOB,False
3ZNVA,False
1Z67A,False
2IAFA,False
4FX5A,False
2Q3TA,False
4DIMA,False
3N4JA,False
5AGIA,False
4CW4A,False
6G3EA,False
2ZKMX,False
3BQXA,False
2CC6A,False
4CDPA,False
4XEAA,False
3WWLA,False
2Q37A,False
1Q1FA,False
4R12A,False
3K01A,False
1VP8A,False
4OTPA,False
7A3HA,False
4QL0A,False
6AOKA,False
2P4FA,False
6HXAA,False
2VFRA,False
4HBDA,False
3QZBA,False
1NG6A,False
6A58A,False
3TL4X,False
4LGCA,False
2B0TA,False
5XRJA,False
3R5TA,False
4MLOA,False
3SNOA,False
3HN7A,True
6N1MA,False
4P0DA,False
3PE7A,False
3P1GA,False
1EFDN,False
2HW4A,False
2XP1A,False
2CX1A,False
2WFIA,False
6AD3A,False
3K1ZA,False
5NGWA,False
5GUTA,False
4MWIA,False
3ZN4A,False
4MFUA,False
5DBLA,False
5JQNA,False
3Q1XA,False
4KRWA,False
2IMQX,False
6AKQA,False
1CYWA,False
2Z51A,False
3M8KA,False
3HX3A,False
3ZJAA,False
5NIOA,False
1XE1A,False
5O75A,False
2JH1A,False
1Q0PA,False
4YHVA,False
3M9LA,False
5W2IA,False
1J5UA,False
4PWWA,False
2FBQA,False
4EYSA,False
4ZCRA,False
3UCPA,False
4QREA,False
4JOBA,False
5U81A,False
3M73A,True
2GNXA,False
2Z5WA,True
3WUZA,False
1UNQA,False
4H7WA,False
3FF2A,False
1YZVA,False
1AX8A,False
3R2PA,False
1KZFA,False
4E9LA,False
1BGFA,False
4NEOA,False
3CJJA,False
6A9WA,False
3IM3A,False
1VPTA,False
2O2GA,False
2V1MA,False
4TRKA,False
2FWHA,False
2RGYA,False
2ZXRA,False
5NG9A,False
3MDPA,False
2PNEA,False
6HFOA,False
4HVTA,False
2O7RA,False
4OCVA,False
1T6CA,False
4UZGA,False
2A65A,True
3HXLA,False
1C7SA,False
3R2QA,False
3SZ3A,False
1WCV1,False
2WOZA,False
6HF2A,False
1NEPA,False
6DR8A,False
5YALA,False
4MP8A,False
5HALA,False
5HJ9A,False
1NZNA,False
3MXZA,False
1YDXA,False
2YNKA,False
3QRAA,False
3H4TA,False
6A4MA,False
3FF4A,False
5QOQA,False
1TIGA,False
1QQEA,False
6ENOA,False
4UMGA,False
4BKWA,False
3G9GA,False
2FQ4A,False
5XZ7A,False
5CUKA,False
6JLSA,False
4LDVA,False
1G8PA,False
1W8IA,False
5CZYA,False
1KXOA,False
3GS9A,False
2BHUA,False
5UQDA,False
5X5VA,True
5VX5A,False
4FDWA,False
6CR0A,False
6A3TA,False
1PKOA,False
5D88A,False
6R3ZA,False
3G3LA,False
3V3TA,True
6IA8A,False
4O9LA,False
4JBUA,False
4YU8A,False
4OZKA,False
6IW3A,False
2NR7A,False
3IUZA,False
4YJ1A,False
3G5TA,False
4XP7A,False
4OGEA,False
1ZR6A,False
6IEIA,False
3AGNA,False
1TUVA,False
3CI3A,False
4Q2LA,False
4M7TA,False
3K7IB,False
6HFGB,False
5SV5A,False
2R4GA,False
3NOJA,False
3FH1A,False
6ASKA,False
4GHNA,False
2WBFX,False
1UFYA,False
4LQZA,False
3DCZA,False
2ET1A,False
1MAIA,False
2IA7A,False
3F14A,False
6FSFA,False
4ZJHA,False
5WGXA,False
6G9SA,False
3I2KA,False
3OEPA,False
5UT3A,False
1JHJA,False
5W0GA,False
4GT9A,False
5A9HA,False
5O51A,False
4AQ4A,False
6R41A,False
5EP2A,False
1S2XA,False
4PEDA,False
6HJ6A,False
6GV3A,False
3FL2A,False
3EKIA,False
3CPKA,False
1VK3A,False
4G9YA,False
5AIZA,False
3R9MA,False
2PMLX,False
1WOLA,False
4HVKA,False
3U1LA,False
3PU5A,False
4C08A,False
1Q3IA,False
4L1NA,False
3N17A,False
6I5RA,False
4HTGA,False
2RAAA,False
3PT5A,False
6EXXA,False
6F7DA,False
4Z67A,False
1BCOA,False
1HZ4A,False
2D58A,False
4I1LA,False
3KEYA,False
3FM0A,False
4A4JA,False
5HBPA,False
2XKIA,False
3TXNA,False
6E3AA,False
5U69A,False
5D3KA,False
1L3KA,False
5ZWUA,False
6BHCA,False
5LJPA,False
3WIWA,False
1NIGA,False
6H0CA,False
1VYRA,False
4NOAA,False
2V82A,False
2VFOA,False
4XKZA,False
1JYHA,False
3U5SA,False
2WP7A,False
3RBSA,False
4RYAA,False
4YUDA,False
2D1SA,False
3L6BA,False
4GOUA,False
4JJAA,False
2W1RA,False
1YQSA,False
5GV8A,False
6ECBA,False
5NULA,False
3SY1A,False
2FRGP,False
1D2TA,False
2B4AA,False
3A9IA,False
6ORJA,False
4A3ZA,False
1SFPA,False
1GPJA,False
3IE7A,False
3MB5A,False
3TEEA,False
1OISA,False
3EGAA,False
5BRAA,False
4TVEA,False
2CXAA,False
6BL5A,False
4EICA,False
3R0NA,False
2WAWA,False
5E56A,False
3CHJA,False
4D74A,False
2QEDA,False
5H0QA,False
3CECA,False
2IUWA,False
4LONB,False
1UOYA,False
5JIGA,False
3NO3A,False
4OUNA,False
3FOVA,False
6HX1A,False
3C4AA,False
2VEQA,False
5OJYA,False
4A4YA,False
2C0ZA,False
1Q6ZA,True
3H7IA,False
4XDXA,False
1LW7A,False
5NJIA,False
5A3AA,False
3CC8A,False
2A14A,False
3ZR8X,False
2YFOA,False
4CH7A,False
3R4VA,False
3JV1A,False
2R9IA,False
4PQDA,False
4YLRA,False
4QNDA,True
3W0FA,False
3GB5A,False
3OZPA,False
2I9IA,False
3DTEA,False
5J8JA,False
4H27A,False
2FBAA,False
3CJMA,False
2OPCA,False
5I4CA,False
5E1WA,False
2GO8A,False
6FHNA,False
3KLUA,False
3FSAA,False
3LWXA,False
3DX5A,False
5QS9A,False
5CKLA,False
4OQVA,False
5TT6A,False
3N0AA,False
4MZCA,False
3KXRA,False
4FBSA,False
4FGMA,False
6AISO,False
6HPHA,False
3K6JA,False
2BDTA,False
4O65A,False
1VPRA,False
5M17A,False
3LPZA,False
3EYEA,False
1LNSA,False
6ENXA,False
5DQQA,True
3BOEA,False
5YDNA,False
3CINA,False
5HJMA,False
5JO8A,False
1ZP2A,False
2A1XA,False
4AFMA,False
2O14A,False
3ZJ0A,False
3EC6A,False
4HWMA,False
6GN5A,False
6OU3A,False
2HX5A,False
2Y7BA,False
2RILA,False
5UAYA,False
3Q46A,False
5UQ6A,False
1OCYA,False
3RNLA,False
4OD6A,False
5HB7A,False
2OPWA,False
6DN4A,False
4RRIA,False
2C2UA,False
6B2VA,False
2I24N,False
4Q62A,False
3QKYA,False
1DQ3A,False
1YPXA,False
3EVNA,False
1HO8A,False
2O7AA,False
4A0DA,False
2Z0XA,False
6E4VA,False
2RCIA,False
1ZJCA,False
3NR5A,False
2O90A,False
5YXMA,False
3IM1A,False
3HYIA,False
2MCMA,False
6QU7A,False
3CJ1A,False
3EA6A,False
3OH3A,False
3PYWA,False
4OA3A,False
1QAZA,False
5H28A,False
5D7WA,False
3L39A,False
2P25A,False
4KBXA,False
4YTBA,False
5L77A,False
2NRQA,False
2UYTA,False
4QA8A,False
1LXJA,False
5JOVA,False
6GX2A,False
3JUDA,False
4GC3A,False
5N40A,False
5ZHOA,False
5B8DA,False
5WY4A,False
3PIWA,False
5A10A,False
2F7VA,False
2NLYA,False
3BW6A,False
1TIFA,False
5J71A,False
3LHSA,False
4PP4A,False
4R6HA,False
2BF6A,False
6KLYA,False
5U22A,False
4USRA,False
5QHHA,False
3U01A,False
4UPIA,False
3T7AA,False
5CWGA,False
4I5JA,False
3M3PA,False
4RZ9A,False
3SHSA,False
1Y02A,False
4RU3A,False
3MEMA,False
1TU9A,False
4WQDA,False
2ISBA,False
1DD9A,False
1YHTA,False
1QHXA,False
3VBCA,False
4RMMA,False
1P9HA,False
1GWMA,False
5BTYA,False
6FIHA,False
2HHCA,False
4AFFA,False
3M66A,False
1H99A,False
4AQOA,False
5UKHA,False
6FTHA,False
1PO5A,False
3LTIA,False
3CLMA,False
3UFBA,False
3LAXA,False
5O5SA,False
1SRAA,False
3CH4B,False
4WEEA,False
3UX2A,False
5TSQA,False
2OH3A,False
5K34A,False
3C0FB,False
2VY8A,False
3EBTA,False
6I28A,False
5X4RA,False
1P3Y1,True
3GD0A,False
3IKWA,False
2CG7A,False
4N74A,False
2GFHA,False
3OOSA,False
3ZOJA,True
1S7IA,False
4BMDA,False
6E0EA,False
3HQXA,False
3ONTA,False
3U9LA,False
2OJHA,False
4CCWA,False
5MECA,False
5I39A,False
2JLIA,False
6ITWA,False
5MQHA,False
5WHGA,False
2GHRA,False
6HQMA,False
6I50A,False
6RI6A,False
4MDWA,False
2P0OA,False
1IFRA,False
3MSEB,False
5IK4A,False
5JJ2A,False
5NW3A,False
3C7AA,False
4PNOA,False
4L8JA,False
4X1TA,False
2R2ZA,False
4KM6A,False
1KA1A,False
4OQ2A,False
3GO9A,False
2QP2A,False
2QZUA,False
3OU2A,False
4YUCA,False
3LOVA,False
3L7NA,False
4RDRA,False
3SEEA,False
4WDCA,False
1XT5A,False
2Q40A,False
1G6XA,False
3K93A,False
3DXLA,False
5NJOA,False
1V2XA,False
2J6BA,False
3HDXA,False
4X7GA,False
4LJSA,False
3HBMA,False
1Y9LA,False
5COFA,False
5CR6D,False
6K16A,False
4RDBA,False
4Z8WA,False
5DXLA,False
4WFQA,False
5LP9A,False
2FG9A,False
3KFOA,False
4JG2A,False
1L2PA,False
3P6LA,False
4OV8A,False
1CFBA,False
1XKSA,False
5VPSA,False
5KZAA,False
3PLWA,False
1KHXA,False
3BUTA,False
3GP6A,False
1QSAA,False
6IYYA,False
3A9BA,False
1TVGA,False
2HUHA,False
4RVQA,False
5MJRA,False
4EADA,False
1W53A,False
1ES9A,False
5T8CA,False
1J27A,False
6HPVA,False
5ONKA,False
3GQ8A,False
3H2YA,False
6O0WA,False
6MD5A,False
5TTYA,False
4HVYA,False
2NQ3A,False
3PVHA,False
5COZA,False
4N13A,False
4J6EA,False
4MZYA,False
3M31A,False
4KOAA,False
2CIBA,False
2X3MA,False
2B8MA,False
1XW3A,False
5LYPA,False
6DU9A,True
2XODA,False
4NLMA,False
6EBUA,True
5H9IA,False
3SG0A,False
5TFQA,False
1ZT3A,False
3PR6A,False
4U4VA,True
4E1SA,False
4I9OA,False
3HFIA,False
6MAAA,False
4PUXA,False
1POCA,False
3Q1NA,False
4KP1A,False
6F5XA,False
4JP6A,False
5JEQA,True
2BJUA,True
2GQWA,False
3F6YA,False
6JEBA,False
3F8TA,False
5HJQA,False
2I5FA,False
4ZBGA,False
5GOFA,False
3GRLA,False
5JIWA,False
4DMVA,False
2CASA,False
5TUXA,False
3G8YA,False
4PDYA,False
6OVBA,True
1G66A,False
2YGNA,False
4EZIA,False
5EZMA,True
4IPIA,False
4U4HA,False
5LZNA,False
4KF7A,False
3EXNA,False
2W2SA,False
4Z04A,False
5VHGA,False
6E5FA,False
5LGGA,False
3LUAA,False
6AC5A,False
1H2HA,False
6CB4A,False
1R0UA,False
1OYGA,False
2DEJA,False
2A3NA,False
4UDXX,False
6A7AA,False
5Y1FA,False
4A2VA,False
1QHDA,False
5FAFA,False
5OJCA,False
6A68A,False
6GL8A,False
4NQ0A,False
6NTWA,False
6D0GA,False
6A48A,False
3TVQA,False
5VD8A,False
1I27A,False
5OLUA,False
2FM9A,False
2V4XA,False
3DOUA,False
4LQEA,False
1GCIA,False
3PFGA,False
3OYVA,False
3I8BA,False
1GVPA,False
2HEWF,False
6PNVA,False
3WWCA,False
1X91A,False
3FEDA,False
2W0GA,False
6K4FU,False
6OZEA,False
1Z6MA,False
4Q68A,False
5C17A,False
4XJVA,False
5L7SA,False
6FM8A,False
3QC1A,False
3LL7A,False
3P0KA,False
5SYTA,True
3WQMA,False
2FFMA,False
3PM2A,False
4RFQA,False
4FR9A,False
2DG6A,False
1C4OA,False
6F0PA,False
6QB2A,False
4EBYA,False
4D7MA,False
2OZGA,False
2B4WA,False
3IV0A,False
3TJYA,False
2DYIA,False
4K7CA,False
6HQLA,False
4P98A,False
5W7PA,False
1WHIA,False
1D2SA,False
1DABA,False
4RLRA,False
4JF8A,False
2QHPA,False
3THIA,False
5MLTA,False
2PY6A,False
5YQWA,False
1DQGA,False
4PFOA,False
3EGEA,False
1TUHA,False
2B0CA,False
1Q7EA,False
5H3XA,False
2XWSA,False
1HW7A,False
3C96A,False
1ZBPA,False
3BVXA,False
4B89A,False
5E10A,False
2V3AA,False
6HHNA,False
5X3GA,False
1J98A,False
5GU6A,False
4O9IX,False
6ECTA,False
3VG7A,False
4PS6A,False
1CJWA,False
6EFNA,False
3CM3A,False
2Z98A,False
4W7WA,False
6MDWA,False
3RGAA,False
4GMOA,False
3S99A,False
5KLEA,False
3P02A,False
5EIKA,True
3BZCA,False
5XEVA,False
5MR1A,False
3OZ2A,False
4C2LA,False
5IJPA,False
6COKA,False
4AKPA,False
3CTVA,False
6D2SA,False
2Y1BA,False
5EYNA,False
4ESMA,False
4B4YA,False
3KKGA,False
4ATEA,False
2YN0A,False
3AKBA,False
4I8IA,False
5UKIA,False
5FBFA,False
3DNPA,False
1QHLA,False
6F1SA,False
5NV9A,True
6FT2A,False
4HE6A,False
6R01A,False
4WFOA,False
5H02A,False
6AVXA,False
4OFZA,False
2RJ2A,False
3WISA,False
1ES5A,False
6HURA,False
3KHIA,False
3EEHA,False
3KFWX,False
1D2NA,False
2XU3A,False
6FMCA,False
5TXUA,True
3ZUCA,False
4XEMA,False
4HNLA,False
1O9GA,False
4EHCA,False
3RAZA,False
3RJUA,False
2EFVA,False
1EG3A,False
6S1HA,False
5A8CA,False
1EZJA,False
5M2NA,False
5E4GA,False
5N6FA,False
3FEUA,False
3KSNA,False
4FK7A,False
2R39A,False
2VM9A,False
1ZD0A,False
3ZX7A,False
6GMCA,False
1WS6A,False
6EUWA,False
5J80A,False
3VPZA,False
1VMHA,False
5GQIA,False
1QNRA,False
5CTAA,False
6OE9A,False
2GNPA,False
5K08A,False
5DFKA,False
3S5QA,False
2NYKA,False
3MTVA,False
1LWBA,False
5LF9A,False
4PZJA,False
5GI7A,False
1LN1A,False
4JD0A,False
2W8TA,False
1F32A,False
6OH6A,False
6DFPA,True
2UURA,False
6Q10A,False
5FORA,False
1XAUA,False
1BYIA,False
4OZWA,False
4IC4A,False
3CE8A,False
5HQTA,False
1WZZA,False
1SGWA,False
4NPXA,False
5ZE8A,False
2DCHX,False
6A1AA,False
2FL4A,False
3NGWA,False
4HHRA,False
5DGOA,False
1YU5X,False
2YVQA,False
4HZ4A,False
3ZSJA,False
5KWBA,False
6EWHA,False
3QH9A,False
3T7LA,False
1NQKA,False
3HZ7A,False
3QVSA,True
2XGVA,False
5UGWA,False
3GA7A,False
2SAKA,False
5U6ZA,False
1S21A,False
3LHIA,False
2EJXA,False
4YI8A,False
5MI4A,False
3S83A,False
6RN5A,False
6QLLA,False
5CG5A,True
2O7IA,False
3JS6A,False
6I96A,False
4Y5JA,False
2PFTA,False
4JDUA,False
5NFMA,False
4JXYA,False
5MDUA,False
3RLKA,False
4KDWA,False
4YBGA,False
5JVIE,False
4UOSA,False
3CIHA,False
2V9LA,False
1EI9A,False
2BUEA,False
4C24A,False
5EHAA,False
3ILVA,False
4P5PA,False
4L0JA,False
4AURA,False
4U89A,False
3EC8A,False
4BJ0A,False
3SCYA,False
3IGHX,False
4BQHA,False
1LRZA,False
5FU5A,False
6OH9A,False
6QM2A,False
3R72A,False
4FW9A,False
5YOWA,False
1FT5A,False
4RLEA,False
3BLNA,False
2WVIA,False
3POHA,False
5HNVA,False
4KQPA,False
4FO0A,False
1A8LA,False
6JCHA,False
4E6ZA,False
3AMLA,False
1A7EA,False
1O7FA,False
2XHGA,False
5T8VA,False
2G0CA,False
5OD4A,False
6FM7A,False
1P4XA,False
4G54A,False
3K6RA,False
4P6QA,False
3EURA,False
3BV8A,False
3ICUA,False
1GP0A,False
1LR0A,False
4QQ6A,False
2VBUA,False
3JZYA,False
5LF8A,False
4PI8A,False
5J4UA,False
1ID0A,False
3EJFA,False
1IUQA,False
4DZ1A,False
2CXCA,False
3LHOA,False
4TJVA,False
6BEAA,False
5NSAA,False
3I10A,False
3FBLA,False
2E26A,False
1UA7A,False
4ZBHA,False
1ESCA,False
2ZZJA,False
6C4MC,False
5JDKA,False
2FUEA,False
4QHQA,False
3MT5A,False
3GHAA,False
1RWHA,False
2WB0X,False
4QN1A,False
4D7JA,False
4R6YA,False
3L1NA,False
4RGLA,False
3ORJA,False
1Q33A,False
5HYZA,False
2ZHJA,False
5CDKA,False
5E1LA,False
3WO6A,True
4A2BA,False
2PPQA,False
4NXYA,False
5AX6A,False
3HJEA,False
6FMXA,True
4BB9A,False
5IG0A,False
2NQWA,False
4BOUA,False
4N7CA,False
6AK4A,False
1KGDA,False
3E97A,False
1VR8A,False
3TBDA,False
1B8KA,False
2QNGA,False
1HQ0A,False
5X89A,False
2Q8PA,False
4MAIA,False
6A32A,False
4N6QA,False
5OEMA,False
1KCMA,False
3LAAA,False
2VOVA,False
3BZ6A,False
1UX6A,False
3FHHA,False
3PV7A,False
1SDOA,False
4EUOA,False
3CK2A,False
1XAKA,False
2P8TA,False
2HQBA,False
5W1EA,False
6MIWA,False
3S8MA,False
6GKSA,False
1RZ3A,False
1XMTA,False
3Q7MA,False
2PU3A,False
1A41A,False
6BIOA,False
1X54A,False
3F2ZA,False
2JLNA,True
4EQPA,False
5EWOA,False
5FR6A,False
4J8LA,False
3E7RL,False
1V9MA,False
2PQ7A,False
3SOYA,False
4FTFA,False
1D4OA,False
2HNGA,False
5WFTA,False
4KYQA,False
1SJYA,False
4EL6A,False
3TQQA,False
1P49A,True
2HBWA,False
4DK2A,False
1YB3A,False
3JYOA,False
4HS2A,False
2WDCA,False
6E6CA,False
6OZWA,False
5NUVA,False
2F5TX,False
1Z0PA,False
1C1KA,False
3IFUA,False
3BT5A,False
5Y4ZA,False
4WT3A,False
2E7ZA,False
3H9MA,False
3ADYA,False
3I7MA,False
2C2JA,False
2WJ5A,False
1CHDA,False
4XFKA,False
5O0JA,False
2ECEA,False
1ZS9A,False
3DYTA,False
3PFEA,False
6O43A,False
3E0KA,False
1ZI8A,False
2APLA,False
3E0HA,False
1YS1X,False
6QLJA,False
1QV1A,False
3W56A,False
6CVAA,False
5BVAA,False
3SGWA,False
6F8PA,False
1YWMA,False
3P3YA,False
6HFCA,False
6BK6A,False
1WOUA,False
2ZB6A,False
5AJGA,False
6G1HA,False
6FMBA,False
2A9IA,False
2XSEA,False
5XQHA,False
5VIAA,False
5W6SA,False
6ELCA,False
4NK6A,False
5W8XA,False
4K82A,False
2XVYA,False
1ZK5A,False
3EH1A,False
5VQEA,False
2GUIA,False
4CV7A,False
1LMIA,False
6N67A,False
3E0EA,False
3L22A,False
3DR5A,False
1V9FA,False
4HN7A,False
4GQ4A,False
6M9MA,False
3D00A,False
3H1TA,False
2QK1A,False
1NZJA,False
4MNNA,False
1CV8A,False
2F8LA,False
4K6NA,False
2NWFA,False
1TQ5A,False
2FGQX,False
3FAYA,False
6H7TA,False
3WS7A,True
3MCPA,False
4IM6A,False
5WXXA,False
6CCIA,True
3F5BA,False
1YD0A,False
3S8SA,False
4XEDA,False
5X9LA,False
1CY5A,False
2V14A,False
2OQZA,False
1RO2A,False
5XLJA,False
3FKCA,False
5K8CA,False
3T3LA,False
2GVIA,False
5UGRA,False
5WUCA,True
1HP1A,False
4R52A,False
1TWUA,False
2OU6A,False
6H5WA,False
1W4SA,False
5Y30A,False
3E8TA,False
3IQTA,False
6IOJA,False
3N6ZA,False
5BV8A,False
1N81A,False
1OFLA,False
2VQPA,False
4C6SA,False
3CUZA,False
4EXRA,False
2XDPA,False
4N30A,True
1ZCEA,False
2WNFA,False
2IP6A,False
6OHLA,False
2QPXA,False
1ATGA,False
6N9MA,False
2NX2A,False
4LITA,False
4A02A,False
3H9WA,False
1AZOA,False
2J1DG,False
5XKXA,False
3LX3A,False
3GRHA,False
2WY4A,False
3OOPA,False
5MK9A,False
3BWHA,False
4C69X,False
5T12A,False
2VBKA,False
4HLBA,False
4V1KA,False
6FPDA,False
5ZZRA,False
3TEUA,False
2GENA,False
3K29A,False
1H6HA,False
4L4EA,False
3NRSA,False
3S5MA,False
1MVLA,False
4UHCA,True
5ABSA,False
6F9OA,False
3OH8A,False
1QWGA,False
2PPXA,False
6J6PA,False
6NDTB,False
4KL0A,False
4BJ1A,False
3F1BA,False
1CXQA,False
4GOSA,False
3WDNA,False
4NUXA,False
4ZC3A,False
1V4AA,False
4M88A,False
1ED1A,False
1Z9LA,False
1D5TA,False
5WWNA,False
6HUNA,False
4AF8A,False
5W5BA,False
5B82A,False
5GNCA,False
1DCSA,False
6QXUA,False
6GZ8A,False
1K5CA,False
3I2NA,False
5B1RA,False
4QGSA,False
4Q4GX,False
3WZSA,False
3ALJA,False
5W8EA,False
2D28C,False
5WGIA,False
3CKMA,False
3FZ4A,False
4W79A,False
5LNBB,False
5WFYA,False
4X7KA,False
2PN1A,False
4XXXA,False
2E4TA,False
3NNBA,False
6ER1A,False
2I6DA,False
4ZRXA,False
5M2PA,False
4BSPA,False
2WB6A,False
1Z2NX,False
1J5YA,False
5LS4A,False
1G41A,False
2J3XA,False
4CITA,False
3G91A,False
5YLBA,False
1OAAA,False
1PBJA,False
4UJ7A,False
1OKSA,False
1US5A,False
6P3NA,False
1Z0WA,False
6FREA,False
1CTFA,False
6C4VA,False
3CP5A,False
3MAHA,False
1F9VA,False
6NZTA,False
1KMOA,False
3LNBA,False
3G5BA,False
5LRTA,False
4LIXA,False
5YGBA,False
6QQHA,False
2WXFA,False
4RUWA,False
6O93A,False
5L74A,False
2HKVA,False
3F8KA,False
4CVOA,False
2JJQA,False
5FZSA,False
6EKTA,False
3KWLA,False
4KXVA,False
2FCKA,False
1RTQA,False
3G85A,False
2QT1A,False
4TXWA,False
5LJXA,False
3DK9A,False
6EKVA,False
5EC6A,False
3KB9A,False
5MBXA,False
3BDRA,False
2B9WA,False
1HXIA,False
5OSWA,False
6MLTA,False
1RLZA,False
4REIA,False
4WPGA,False
2ZQ5A,False
1M4LA,False
5C12A,False
1XOVA,False
3AJ7A,False
5EK8A,False
2XRHA,False
1NUYA,False
6EWLA,False
5J5LA,False
2WFOA,False
3BXVA,False
1WCWA,False
2FX5A,False
6FVIA,False
2WK1A,False
5KARA,False
4KUIA,False
5G25A,False
6D0AA,False
5EZ7A,False
3IIBA,False
5L1MA,False
4QRKA,False
3BBYA,False
2Y0OA,False
3RVCA,False
4CO8A,False
6FJNA,False
3F0HA,False
6JPTA,False
3UPSA,False
2O8PA,False
6FOPA,False
3NXHA,False
3C19A,False
4ZNKA,False
3M1TA,False
4M37A,False
4ZLFA,False
5DICA,False
2ERFA,False
3FOTA,False
4TTWA,False
3JU4A,False
2IGPA,False
2EWFA,False
3MCRA,False
2WTGA,False
3BIYA,False
3G40A,False
4REPA,False
1W66A,False
1PDOA,False
4EEKA,False
6GKXA,False
5VCCA,True
5MZNA,False
2D59A,False
4ERNA,False
5DHDA,False
3MKOA,False
1UYNX,False
4JQRA,False
2Y78A,False
4A9VA,False
4QQ0A,False
4OIEA,False
5NF2A,False
2X9ZA,False
4IE5A,False
3F4MA,False
6K1WA,False
2RH2A,False
6GNAA,False
3W06A,False
1YI9A,False
1IN4A,False
2OITA,False
3U97A,False
1WF3A,False
2Z3ZA,False
1OZ2A,False
3S25A,False
3DM8A,False
4XPXA,False
3LQNA,False
4GQVA,False
2CYJA,False
1IXGA,False
1SE8A,False
1VCTA,False
5G3YA,False
2CIWA,False
4Z9PA,False
3LUYA,False
3BNJA,False
5EQZA,False
6JDDA,False
4MH6A,False
3PBTA,False
5DFYA,False
5EJRA,False
4UYBA,False
5U5OA,False
4J7OA,False
4G2AA,False
3E9UA,False
1WV3A,False
4HCJA,False
5LTJA,False
3WZ3A,False
5KO5A,False
3F4SA,False
1DUNA,False
5YCEA,False
4KEFA,False
3FRNA,False
5B68A,False
2G7OA,False
3MVSA,False
4P5IA,False
3NFTA,False
1ZMAA,False
3SD6A,False
6DTVA,False
2WF7A,False
4HTEA,False
4N77A,False
2HDZA,False
6FZZA,False
2O2XA,False
2ZNRA,False
2IMRA,False
5EH1A,False
5Z6BA,False
1DG6A,False
1OH4A,False
5ZNTA,False
1O6DA,False
5DN7A,False
5TJZA,False
4R4GA,False
4JP0A,False
2AJ6A,False
1FYEA,False
4CVUA,False
1X0TA,False
5TJAA,False
1TD6A,False
5JJOA,False
3PT1A,False
3VLAA,False
5U32A,False
3FAJA,False
3QH6A,False
5JDDA,False
4PW0A,False
6RWQA,False
3UG9A,True
4MU6A,False
4YPNA,False
3MKCA,False
4N5HX,False
1UXOA,False
6AGWA,False
1LFPA,False
2F6RA,False
5A1IA,False
2HLJA,False
5FWZA,False
2G0DA,True
4FLBA,False
3DMNA,False
3LDCA,True
2J97A,False
6N0KA,False
6AYHA,False
2XLGA,False
4KQIA,False
3DNXA,False
4PDNA,False
4M5EA,False
4F55A,False
1R9WA,False
3CGXA,False
2DWKA,False
6DGAA,False
3DWOX,False
4RAXA,False
5IMAA,False
3Q98A,False
2Q35A,False
4B46A,False
6DTCA,False
1J77A,False
3HBZA,False
1RI5A,False
2C71A,False
3DSMA,False
1T3YA,False
2FPHX,False
3RC1A,False
2OD5A,False
2H8EA,False
7ODCA,False
4S39A,False
4LB8A,False
3QXCA,False
4R03A,False
4XGLA,False
4GBMA,False
1TKJA,False
4M00A,False
4GXTA,False
5UQZA,False
5KTKA,False
4WATA,False
3MPKA,False
5V5WA,False
6HEMA,False
3IB7A,False
4KQTA,False
4MXTA,False
6CKTA,False
4OCIA,False
1Z2UA,False
5H29A,False
2GZQA,False
1QZZA,False
5DAGA,False
3BY8A,False
5I8TA,False
1ZBSA,False
3D4EA,False
1KT6A,False
3N54B,False
2FI9A,False
4NNBA,False
6P2LA,False
3N0RA,False
4CFIA,False
3S98A,False
4L8PA,False
4TPNA,False
5CR9A,False
3IP0A,False
3URGA,False
3KJHA,False
3PP5A,False
3IB5A,False
4V0PA,False
1PUCA,False
3I94A,False
3VA9A,False
2NWHA,False
3KT7A,False
2O9UX,False
4LDNA,False
2O9SA,False
3P0BA,False
3ACXA,False
3CU9A,False
6HCEA,False
6E7EA,False
2FIWA,False
4UOBA,False
3DJLA,False
1X3KA,False
3VQJA,False
3NBXX,False
6DG4A,False
4NARA,False
4NS5A,False
6ELMA,False
3TT2A,False
6BXDA,False
3SD2A,False
5OGSA,False
2IXMA,False
6CUMA,False
2DG7A,False
3SIBA,False
3MWZA,False
5TZMA,False
5IC7A,False
1JG1A,False
3N3UA,False
1EU1A,False
5DZWA,False
5H0JA,False
3GMIA,False
2OAJA,False
2WDSA,False
4XZ0A,False
1T8KA,False
1VYIA,False
3LWTX,False
4NUZA,False
4EPZA,False
3MSWA,False
3NI8A,False
4WPKA,False
4G9QA,False
2PVBA,False
6EC8A,False
3UJCA,False
5DGJA,False
6NC9A,True
2XJ4A,False
6EQEA,False
5WX1A,False
1R29A,False
5MY5A,False
3PMOA,False
5VXEA,False
1M15A,False
4J3VA,False
1TBFA,False
3DZ1A,False
4R75A,False
2QDFA,False
3CJEA,False
5HJ1A,False
5A4AA,False
3FAKA,False
2NSCA,False
2HTIA,False
3WITA,False
1RYOA,False
1K6KA,False
4P0ZA,False
3CMNA,False
3GQVA,False
4LERA,False
2V9KA,False
2Z2NA,False
2WZKA,False
5KKPA,False
1U6TA,False
3H75A,False
1VHNA,False
4HRSA,False
6C93A,False
6IAHA,False
6EHDA,False
3D1PA,False
3C8YA,False
3UUEA,False
4PSYA,False
2I5HA,False
5YH1A,False
6CKMA,False
4DJAA,False
2WWEA,False
2QQ8A,False
4UW9A,False
1CWVA,False
3LKMA,False
6CF8A,False
4J0WA,False
3DT5A,False
1QYIA,False
3QD7X,False
6K4XA,False
2OG4A,False
3KDWA,False
3ZN3A,False
5FEWA,False
5KO9A,False
6ANZA,False
4GPSA,False
2I5UA,False
2R01A,False
3U9RB,False
5AE0A,False
1VJKA,False
4W9ZA,False
2JHPA,False
6FFVA,True
3RJVA,False
6OAFA,False
4BWRA,False
5C68A,False
6H3WA,False
3NKSA,False
6A8MA,False
5J6QA,False
3IU0A,False
3CT5A,False
1U84A,False
2GNOA,False
3QAVA,False
2PIAA,False
4ASMB,False
4I1FA,False
6G8UA,False
3GX8A,False
2Q9RA,False
1VK9A,False
5TG0A,False
4MFIA,False
1YZFA,False
3LD1A,False
4FHGA,False
2WW5A,False
5LZ1A,False
3RFIA,False
2FUPA,False
4LP8A,True
4M0NA,False
3DMGA,False
3VC5A,False
6D4KA,False
5M7YA,False
3MTWA,False
1A7JA,False
1ODMA,False
5XJ1A,False
3E35A,False
5LNIA,False
6GZUA,False
1MW9X,False
3S4EA,False
3FWKA,False
2HKJA,False
3BPVA,False
5O0TA,True
6GZ1A,False
6NBOA,False
1JDWA,False
6GRLA,False
3Q4OA,False
2WBNA,False
5MQRA,False
4Q63A,False
3S4LA,False
3GIWA,False
4H08A,False
1A62A,False
5YIUA,False
3QWLA,False
4KF9A,False
4FUVA,False
2BOUA,False
5COWA,False
4WHEA,False
2REUA,False
5VRHA,True
2QCVA,False
4CCDA,True
3RKGA,False
4CAHB,False
2NSAA,False
2JDCA,False
1YC9A,False
5MY7A,False
2IBLA,False
1IKTA,False
4IIKA,False
5HUSA,False
4L8NA,False
1G5TA,False
1J0PA,False
4IYAA,False
5ZQHA,False
4M9KA,False
3PB6X,False
4WKAA,False
5DMMA,False
1Q5ZA,False
3FHDA,False
1V30A,False
5A35A,False
6GZ0A,False
1ZGHA,False
5LG2A,False
4N6KA,True
4QHWA,False
2A90A,False
5U2PA,False
2PXXA,False
4X9TA,False
3TT9A,False
3P51A,False
3HFTA,False
3DB7A,False
5ZW7A,False
5XG2A,False
4D0EA,False
3G2BA,False
1X19A,False
6DYMA,False
6NWSA,False
1N26A,False
3E9FA,False
4XABA,False
2OZTA,False
4N02A,False
1VJGA,False
5I9JA,False
2HSBA,False
6F72A,False
3OYZA,False
2OF3A,False
2O7TA,False
2ZWSA,False
4ZKQA,False
5LXZB,False
1S2WA,False
4AMQA,False
3EY5A,False
6Q6TA,False
5EVHA,False
3JRTA,False
6E08L,False
6D91A,True
5C5GA,False
1EJ8A,False
6OU0A,False
1BXOA,False
3NVSA,False
2R60A,False
3RX6A,False
5W98A,False
5SV2A,False
3V4GA,False
3KP8A,False
5JQCA,False
1JB3A,False
4ZQXA,False
1VLYA,False
1M9ZA,False
3E3VA,False
6FX6A,False
5DP2A,False
4NZKA,False
5GTQA,False
2IYVA,False
4MHLA,False
4QT6A,False
3C5EA,False
4FO5A,False
2DY1A,False
3ZYPA,False
5XAPA,True
4INWA,False
3V75A,False
2A1IA,False
3E5DA,False
1CC8A,False
3BB0A,False
2A1VA,False
1LMLA,False
2YXNA,False
3EVZA,False
2QECA,False
2PRNA,False
3S9XA,False
3MQZA,False
4J5TA,False
5C0PA,False
5KVRA,False
4DADA,False
6O87A,False
4LTTA,False
3UXFA,False
4LPQA,False
2OKMA,False
5ANZA,False
6FJ7A,False
3K3VA,False
1WLJA,False
5C2MA,False
2B7UA,False
3P06A,False
6OQMA,False
4D6GA,False
3D89A,False
3FCNA,False
6OHZA,False
3BN0A,False
4CD5A,False
2GS5A,False
5ZUIA,False
2Z72A,False
5YSIA,False
3OV8A,False
2HMAA,False
4WIQA,False
6HS5A,False
6MRSA,False
1ALUA,False
3IM6A,False
4Q1ZA,False
3RPZA,False
4ZIUA,False
3QY7A,False
3VN5A,False
5N7ZA,False
4KZSA,False
3R6DA,False
2B78A,False
5KZZA,False
6M8NA,False
6HXPA,False
2GXGA,False
4N0NA,False
1SQHA,False
4OPCA,False
6EMTA,False
4OZUA,False
3SGGA,False
3GNZP,False
2X2UA,False
4R7RA,False
1JIXA,False
4H79A,False
2H5CA,False
1K4NA,False
2RBCA,False
6MCAA,False
5O2DA,False
5XI8A,False
3DQPA,False
3WA2X,False
3UIFA,False
2Y7PA,False
3DHAA,False
6N84A,False
1PV5A,False
5OQ3A,False
4RD4A,False
6OU2A,False
1DOVA,False
1MJNA,False
3AJWA,False
2W91A,False
4RXXA,False
3C7XA,False
1W0PA,False
1TUAA,False
5L33A,False
1DS1A,False
5IGIA,False
2X4JA,False
3IG5A,False
5UFKA,False
2QFEA,False
3B0TA,False
3TTGA,False
1NKDA,False
3A4CA,False
6GEHA,False
3AX1A,False
4M7OA,False
2D9RA,False
5M11A,False
4PF3A,False
1I4WA,False
4W8QA,False
4TS4A,False
2QNIA,False
4EIUA,False
1PZWA,False
2QSBA,False
6E18A,False
5IWHA,False
3FO8D,False
1UCSA,False
1TO3A,False
3CLAA,False
5L87A,False
3QY3A,False
5UXMA,False
4QTQA,False
3B6EA,False
4ES7A,False
4UT1A,False
3FZXA,False
3GOHA,False
6GBIA,False
3NA6A,False
5FFAA,False
3RQTA,False
6NOUA,False
1ZYBA,False
2BZ1A,False
6R33A,False
6MV2A,False
6OFVA,False
1XV5A,False
3ISQA,False
3OIZA,False
4GLKA,False
2IXAA,False
4QPWA,False
3ZZPA,False
3DFFA,False
3QWEA,False
4CVDA,False
1J8BA,False
6JV6A,False
5EC0A,False
3SMVA,False
2QDJA,False
1ZSQA,False
3TOWA,False
5M04A,False
5XC5A,False
5EREA,False
2P4OA,False
6MU0A,False
1SEFA,False
6OH2A,True
3OQQA,False
1OZ9A,False
2X7QA,False
2WNPF,False
6C3MA,False
3HJHA,False
3K3FA,True
1JI0A,False
2O0AA,False
5F07A,False
4ZW9A,True
3RSNA,False
5EMIA,False
6FNGA,False
6O80A,False
3SD7A,False
2OSOA,False
3LHEA,False
4ZX2A,False
3LQBA,False
4ECFA,False
1X3LA,False
1VL1A,False
5HD9A,False
3KYFA,False
3EDYA,False
3ZHIA,False
3THGA,False
1Z6NA,False
3A2ZA,False
2O71A,False
1KNGA,False
3VNNA,False
1W7CA,False
4TR3A,False
2XIJA,False
3ISYA,False
2VW8A,False
3U0RA,False
6H4LA,False
4HH5A,False
4IUSA,False
1RR7A,False
3ZH9B,False
4OW5A,False
4AEQA,False
3GR5A,False
2ILRA,False
5TK8A,False
1US0A,False
1H2EA,False
4MTMA,False
4QMHA,False
6E60A,False
2E8EA,False
4ATGA,False
4NESA,False
4K0NA,False
3EOJA,False
1ZN6A,False
5L1AA,False
5IR4A,False
3SC7X,False
4BJIA,False
4F1VA,False
5AKRA,False
4AE7A,False
6IIEA,False
5YVKA,False
3S0AA,False
1XK5A,False
3HOLA,False
2JGPA,False
2PG3A,False
2HW2A,False
6JK4A,False
4HB1A,False
5TJ3A,False
5JKVA,True
2YHGA,False
4Q2SA,False
3V68A,False
3MBRX,False
6CPUA,False
1PAQA,False
4PQZA,False
1QJPA,False
5NA6A,False
1ZA0A,False
1K8UA,False
1Z70X,False
3N90A,False
5HWAA,False
1XDNA,False
4AGKA,False
2ODVA,False
3AY5A,False
6GOCA,False
5YVNA,False
1VD6A,False
2F7BA,False
4I17A,False
6QGKA,False
3ZZOA,False
4QBOA,False
3LM3A,False
3H6QA,False
3O6CA,False
5ZGXA,False
3MD7A,False
3FSSA,False
1VKKA,False
1GMXA,False
3BJNA,False
6FTQA,False
3LFUA,False
1BKRA,False
4P0GA,False
2B8IA,False
1GS9A,False
5JUHA,False
5AFDA,False
6Q7RA,False
1MBAA,False
3C02A,True
4QDNA,False
5M0WA,False
3H6JA,False
3RJ2X,False
1GUIA,False
2FQ3A,False
3AJDA,False
1JF3A,False
1UEKA,False
2FMAA,False
1KP6A,False
2ICSA,False
5CDVA,False
6ELVA,False
3C8MA,False
5BP8A,False
6OJ1A,False
3MW8A,False
3FDHA,False
2XVSA,False
5NQOA,False
2FVYA,False
4CIIA,False
1SHUX,False
2I7XA,False
4GDZA,False
5HAZA,False
1F00I,False
6D9TA,False
4DV8A,False
2FPNA,False
2D81A,False
4ICVA,False
4Y25A,False
2Q18X,False
4CLLA,False
1XTEA,False
2EHGA,False
4OBMA,False
3OXHA,False
1SO7A,False
2GKEA,False
3V1AA,False
2CZLA,False
5I62A,False
3LJUX,False
6Q8JA,False
3EN8A,False
2GUPA,False
2P39A,False
5GV0A,False
2VJWA,False
2ICGA,False
6I8MA,False
6FLFA,False
5M5ZA,False
2UV4A,False
5AZBA,True
5Y90A,False
3MDUA,False
2QA1A,False
5EJ0A,False
4PK9A,False
4H8EA,False
4JCCA,False
4AYOA,False
5WJPA,False
3NLCA,False
3TJMA,False
5M1MA,False
5JJXA,False
4NCDA,True
4GQMA,False
1LJ8A,False
3M5QA,False
3TU8A,False
2O0QA,False
3R44A,False
5Z9ZA,False
3AG7A,False
3M4IA,False
6NHXA,False
4Y9VA,False
4XRFA,False
5V37A,False
2GPIA,False
2W9YA,False
3KEVA,False
6E4LA,False
3DDDA,False
6HAVA,False
4JB7A,False
4RGIA,False
1XBIA,False
3BWWA,False
1OK0A,False
6IDCA,False
1SQWA,False
5AH1A,False
2D48A,False
1YT3A,False
4BZAA,False
5KNKB,False
4MIJA,False
4MDAA,False
3DEWA,True
2WZBA,False
2BJQA,False
1OD3A,False
6Q1CA,False
4WPEA,False
4EXOA,False
4BPFA,False
5Q22A,False
1OLTA,False
5SV6A,False
1PMHX,False
5J1KA,False
3EINA,False
5WF2A,False
1HDOA,False
4J37A,False
6ICSO,False
3ZTAA,False
4CCVA,False
2OCGA,False
4N5UA,False
5X57A,False
3BODA,False
4RXTA,False
2P6VA,False
5A0NA,False
1YUEA,False
2E8BA,False
2OFZA,False
1UJ8A,False
6GIDA,False
2G3RA,False
3NZLA,False
3FFRA,False
4LESA,False
5YK1A,False
3IMKA,False
3OV5A,False
6IBEA,False
3QRLA,False
2PIMA,False
4LD1A,False
4FVGA,False
4J29A,False
1JOVA,False
3HOIA,False
1J8EA,False
4QVRA,False
5YJWA,True
2GXQA,False
1BM8A,False
3Q64A,False
3PMSA,False
6G28A,False
1DVOA,False
5NFIB,False
1YFQA,False
6G49A,False
1GV9A,False
4L9HA,False
5XCBA,False
5B4ZA,False
2IMFA,False
3OUQA,False
4RPMA,False
2O0JA,False
4A6DA,False
5ML3B,False
5KD5A,False
3MJFA,False
3DF8A,False
1V0AA,False
3VUUA,False
6N8YA,False
4PLZA,True
2C0NA,False
6N1BA,False
6R8RA,False
2F60K,False
3JWGA,False
5MPTA,False
3LJXA,False
1F1EA,False
3QZXA,False
3GO5A,False
1WHZA,False
2Y2MA,False
5DZEA,False
6HHMA,False
3SDBA,False
3UC9A,False
4XLTA,False
1GJWA,False
4Q7FA,False
5XHWA,False
3HROA,False
4HFVA,False
4EU0A,False
2GU3A,False
4G0XA,False
2XZ2A,False
1ROCA,False
5YLWA,True
6I06A,False
2XTPA,False
2R44A,False
5NYPA,False
1UJCA,False
1LRVA,False
2VK2A,False
4IKVA,True
2WQFA,False
6H40A,False
3CRVA,False
2W2RA,False
1RK6A,False
5EL9A,False
5A7GA,False
4E6UA,False
4PY9A,False
3DS8A,False
5P9VA,False
5ZNJA,False
2VQCA,False
5ZBTA,False
5KCIA,False
5NLAA,False
1P3CA,False
5UL3A,False
1SP3A,False
2QLTA,False
4X3XA,False
3JQHA,False
6PYMA,False
4C3SA,False
2DULA,False
1LV7A,False
6JKKA,False
3CSVA,False
4DCAA,False
4AT0A,False
4QBUA,False
2D0BA,False
6EY4A,False
4TQ2A,False
3WE9A,False
2G3AA,False
5WANA,False
2XJPA,False
1HZTA,False
3AOTA,False
4C12A,False
2GQTA,False
6DLGA,False
3W0OA,False
3QPAA,False
1B89A,False
1K77A,False
4R9PA,False
2BRFA,False
4IKDA,False
3D1CA,False
3VCAA,False
2EAQA,False
1VCCA,False
3OCUA,False
5K6LA,False
1OYZA,False
3P0FA,False
6FYJA,False
2CJJA,False
6OLXA,False
2GWDA,False
1UUYA,False
4O6UA,False
4NBPA,False
2FSJA,False
3LLCA,False
3HZ8A,False
5MLZA,True
5N41A,False
6DJTA,False
1VPQA,False
5F7VA,False
3CT8A,False
5Y6HA,False
3OHGA,False
3WX4A,False
1K7JA,False
1ZYLA,False
5O9QA,True
2VGAA,False
5VGLA,False
1JOSA,False
5NCBA,False
3BM7A,False
4Y9IA,False
4NMWA,False
3GD6A,False
3PNNA,False
5BMQA,False
2E56A,False
3WNZA,False
5UM2A,False
4I8HA,False
5OUOA,False
1DUSA,False
4ZMKA,False
4AW7A,False
3O0FA,False
1N7VA,False
4WUIA,False
2P14A,False
5T76A,False
3DV8A,False
4ZKDA,False
1R89A,False
4U3VA,False
4ERVA,False
4UYRA,False
5W3RA,False
5CVWA,False
3B40A,False
1JYKA,False
5KRTA,False
3H4XA,False
4HXFB,False
5FS8A,False
3BONA,False
3VHJA,False
4FNVA,False
3PF0A,False
3SS7X,False
4P5XA,False
3LK7A,False
3PFYA,False
3OCJA,False
2AGKA,False
5NJLA,False
5K2XA,False
5NZGA,False
5F9QA,False
5NODA,False
3QQZA,False
6EK7A,True
5UVRA,False
5BZ3A,True
2CI1A,False
5D8VA,False
5U4TA,False
3QQAA,False
5XGAA,False
1FCYA,False
2RBKA,False
2Q43A,False
4E72A,False
4WMLA,False
1RCQA,False
5D18A,False
2ZPTX,False
3RM3A,False
3LLVA,False
3RY4A,False
6PDKA,False
3SNYA,False
1J24A,False
5XFTA,False
6MWDB,True
3QSJA,False
3E2QA,False
1LKIA,False
1K7CA,False
6OTSA,False
4Y1WA,False
1XFKA,False
5ZYPA,False
6MCWA,False
1O50A,False
5DMAA,False
5F18A,False
3IRAA,False
6FI2A,False
1U8XX,True
1FO8A,False
3QC0A,False
4MUQA,False
5YL6A,False
2HOEA,False
2VDFA,False
5ZM0A,False
6ISAA,False
3OULA,False
5MLPA,False
5JUGA,False
3TEWA,False
3DSOA,False
3H36A,False
3MY2A,False
3U4GA,False
3SZYA,False
1Q0RA,False
6RMKA,True
3WH2A,False
2FKKA,False
3GM5A,False
4GL3A,False
2E2OA,False
2P61A,False
3ELSA,False
1TULA,False
1JBEA,False
3NBMA,False
3RGOA,False
6FUUA,False
2H1VA,False
2F1NA,False
1QWOA,False
3S5TA,False
3K5JA,False
3B79A,False
3PYCA,False
1R75A,False
5XRAA,True
5X93A,True
3EUNA,False
3I9XA,False
4KQ9A,False
3H04A,False
5V8CA,False
3PE6A,False
2P09A,False
3GSEA,False
2Z7BA,False
2Q9KA,False
2CVBA,False
3F67A,False
3V9OA,False
3LP5A,False
6E3FA,False
2Q4UA,False
4JEJA,False
3VRHA,False
2FI1A,False
3KYZA,False
6AZ5A,False
6EF6A,False
2J0AA,False
4AK2A,False
5DZTA,False
6QE8A,False
5FHIA,False
4H59A,False
4RUVA,False
5OMTA,False
4YLMX,False
3FXHA,False
3BWXA,False
4C1OA,False
1MC2A,False
6I8YA,False
1JX6A,False
2RA8A,False
4LHSA,False
3AR4A,True
1HYPA,False
4BGCA,False
2ETDA,False
6I62A,False
6NB0A,False
3TUTA,False
1B9WA,False
3A72A,False
5UBAA,False
5KTNA,False
3FTDA,False
3DI5A,False
1FVIA,False
1R6DA,False
3FEGA,False
6OGHA,False
3LEWA,False
1OKCA,True
5WA2A,False
3GPIA,False
3G0KA,False
2IL5A,False
3KSXA,False
4I96A,False
5X2EA,False
5CNWA,False
5M48A,False
2X5YA,False
4HDEA,False
2WNKA,False
4R7QA,False
6AIIA,False
2CKKA,False
3B5OA,False
1YGTA,False
4G29A,False
4M82A,False
3GA3A,False
5G5CA,False
3H6NA,False
2IW1A,False
3A09A,False
4V1JA,False
4DYLA,False
2II2A,False
1EPUA,False
1L9LA,False
4P3VA,False
3KLJA,False
4P40A,False
5E8SA,False
3FKQA,False
4MC3A,False
3H0OA,False
3EC2A,False
6GVDA,False
3NIRA,False
5IPWA,False
6EKZA,False
3DEFA,False
3MX7A,False
2YHCA,False
3B09A,False
2OBDA,False
3MX1A,False
4QMAA,False
4XEZA,False
3RNVA,False
5ZYQA,False
2X46A,False
6CWMA,False
5UMRA,False
5WCJA,False
4WYHA,False
2PCSA,False
3MAOA,False
4BT7A,False
3ONPA,False
1WMAA,False
1ZZKA,False
5DPOA,False
3EGNA,False
1HK8A,False
4AO6A,False
6I9QA,False
4JZ5A,False
3FYNA,False
6HOXA,False
6Q4RA,False
1YVUA,False
3IISM,False
5HFIA,False
5LTEA,False
1JHSA,False
3GNFB,False
2RDGA,False
4ZH0A,False
3LQKA,False
4MYKA,False
4RFAA,False
4H86A,False
6HFQA,False
4Y9TA,False
4WJMA,False
5J53A,False
1KXUA,False
3KWEA,False
6FUCA,False
6J93A,False
4PWYA,False
3X30A,False
2HX0A,False
1QR0A,False
5DRBA,False
1Y08A,False
3U0VA,False
4WCJA,False
3LOPA,False
4M5BA,True
3LLUA,False
1BF2A,False
6CGKA,False
1TS9A,False
2GA8A,False
1I60A,False
6ETLA,False
4BN4A,False
3CNUA,False
3BC8A,True
3F7XA,False
6FGCA,False
1ZHVA,False
1FKMA,False
3SREA,False
3ZF8A,False
5EWYA,False
4Y1BA,False
3ZSUA,False
5AGRA,False
1MTZA,False
4BYZA,False
5IDHA,False
3GV0A,False
1EVSA,False
4BJAA,False
5K62A,False
4BOQA,False
4IW7A,False
3JQ0A,False
2OBBA,False
4U9OA,False
3D1RA,False
2YV4A,False
4GQ1A,False
1Q8CA,False
3E4GA,False
4P82A,False
3N91A,False
3O7BA,False
2HUJA,False
4G2EA,False
5CA8A,False
2RHWA,False
4YVOA,False
5DZOA,False
4CJDA,False
3VGPA,False
4GA2A,False
5BXAA,False
3B64A,False
4IUWA,False
2X3GA,False
3US3A,False
2AZWA,False
1YE8A,False
2WLRA,False
2E3HA,False
2BK9A,False
5Z0UA,False
6BA9A,False
4R7SA,False
4D8BA,False
4G79A,False
2P0LA,False
2GAUA,False
4EW7A,False
6QGGA,False
5A62A,False
1NQZA,False
4B2FA,False
1PG6A,False
4PW2A,True
6JLIA,False
4XCVA,False
5GUFA,True
4P79A,True
4QB7A,False
3ILHA,False
2OZEA,False
4LFUA,False
3GOZA,False
6QJ0A,False
6IXOA,False
5GGBA,False
1RO5A,False
4WRIA,False
3CU3A,False
4TMDA,False
4LZHA,False
5M41A,False
5W60A,True
2FJ8A,False
2CXHA,False
3H4RA,False
3PTYA,False
3BQKA,False
4E6SA,False
3VKWA,False
6NFRA,True
6ON6A,False
1RFEA,False
1CVRA,False
6A8DA,False
2QTDA,False
3F40A,False
2D3DA,False
4JVCA,False
5AYNA,True
3LLOA,False
1U0JA,False
4F7HA,False
3HP7A,False
3CKKA,False
1NNDA,False
3E23A,False
5IBVA,False
1XGKA,False
3BHNA,False
1IO0A,False
3MT0A,False
1SQ9A,False
4PD6A,True
5LSVA,False
3N6XA,False
2XOMA,False
3KXWA,True
3SUJA,False
3RT2A,False
2GHSA,False
1EUWA,False
5YK6A,False
1M5IA,False
3X0IA,False
1LC0A,False
5LX8A,False
4GS3A,False
4HNOA,False
3PUCA,False
3MU7A,False
4N4JA,False
4XRWA,False
2NVOA,False
5AO9A,False
4OHXA,False
6F04A,False
5O37A,False
1U53A,False
1A0IA,False
6SIDA,False
3ZPEA,False
3G9HA,False
4FF5A,True
3G27A,False
3WNDA,False
2I9WA,False
1DZFA,False
2YMOA,False
5OEIA,False
4ZB3A,False
4DI9A,False
4RJZA,False
2GKPA,False
5G3XA,False
2HPSA,False
3LC0A,False
2V7SA,False
2V3IA,False
4XKBA,False
1EWFA,False
4A20A,False
4CP6A,False
5VMNA,False
2RH3A,False
4GAKA,False
3O59X,False
1NWZA,False
5VBDA,False
2QGUA,False
4BOEA,False
1BOOA,False
3HJ7A,False
4A6QA,False
4FDBA,False
3S1SA,False
4P9IA,False
2I0ZA,False
4FS7A,False
4AZSA,False
3LYEA,False
1HXNA,False
2XRYA,False
6QDIA,False
5TQJA,False
5H0MA,False
2W39A,False
3RMQA,False
1U7GA,True
1J1TA,False
2CWYA,False
5CD2A,False
4EPCA,False
1X6OA,False
4Y0LA,False
5XJ5A,True
2XNQA,False
4AU1A,False
3SZVA,False
1RLWA,False
4EPSA,False
2E3NA,False
4ZJ9A,False
5KC8A,False
1UB9A,False
5N3JA,False
3K1UA,False
4IYKA,False
4QPNA,False
4D8MA,False
2C6UA,False
5UVGA,False
2GS8A,False
1Q42A,False
5LY5A,False
5LY8A,False
4CD8A,False
1EW4A,False
5KI9A,False
3VP5A,False
4Z8ZA,False
3FZEA,False
1ZX3A,False
6GEUA,False
5N9BA,False
3HBCA,False
4EUYA,False
1JL1A,False
4E2XA,False
6GV5A,False
2P0TA,False
4QXLA,False
5I45A,False
4I66A,False
3EHGA,False
1DYPA,False
6GIEA,False
4M5RA,False
4HDDA,False
6G25A,False
2IWRA,False
3N0XA,False
5GO5A,False
4G08A,False
2FI0A,False
4IUJA,False
2ASFA,False
3B81A,False
3PHSA,False
2EPLX,False
4NN1A,False
1T07A,False
1B63A,False
1TT8A,False
6C1XA,False
4WA0A,False
4DQAA,False
2QGOA,False
3O12A,False
3D3YA,False
4N1IA,False
3ZTVA,False
3EJVA,False
2C3GA,False
4X2RA,False
2Z14A,False
5BPXA,False
2QIKA,False
3V1VA,False
1LSLA,False
6QV7A,False
1T6LA,False
1V6TA,False
